动漫排行榜,1,http://www.dongmanwang.com/dongman/12103/,冰雪奇缘
动漫排行榜,2,http://www.dongmanwang.com/dongman/12536/,超能陆战队
动漫排行榜,3,http://www.dongmanwang.com/dongman/5122/,海贼王
动漫排行榜,4,http://www.dongmanwang.com/dongman/5121/,火影忍者
动漫排行榜,5,http://www.dongmanwang.com/dongman/12173/,新妹魔王的契约者
动漫排行榜,6,http://www.dongmanwang.com/dongman/9100/,妖精的旋律
动漫排行榜,7,http://www.dongmanwang.com/dongman/9479/,寄生兽
动漫排行榜,8,http://www.dongmanwang.com/dongman/14091/,未必之恋
动漫排行榜,9,http://www.dongmanwang.com/dongman/2234/,海贼王
动漫排行榜,10,http://www.dongmanwang.com/dongman/1420/,火影忍者
动漫排行榜,11,http://www.dongmanwang.com/dongman/12851/,噬血狂袭
动漫排行榜,12,http://www.dongmanwang.com/dongman/5885/,蜡笔小新
动漫排行榜,13,http://www.dongmanwang.com/dongman/12062/,魔法科高校的劣等生
动漫排行榜,14,http://www.dongmanwang.com/dongman/12827/,刀剑神域
动漫排行榜,15,http://www.dongmanwang.com/dongman/9631/,刀剑神域
日本动漫排行榜,1,http://www.dongmanwang.com/dongman/5122/,海贼王
日本动漫排行榜,2,http://www.dongmanwang.com/dongman/5121/,火影忍者
日本动漫排行榜,3,http://www.dongmanwang.com/dongman/12173/,新妹魔王的契约者
日本动漫排行榜,4,http://www.dongmanwang.com/dongman/9100/,妖精的旋律
日本动漫排行榜,5,http://www.dongmanwang.com/dongman/9479/,寄生兽
日本动漫排行榜,6,http://www.dongmanwang.com/dongman/14091/,未必之恋
日本动漫排行榜,7,http://www.dongmanwang.com/dongman/2234/,海贼王
日本动漫排行榜,8,http://www.dongmanwang.com/dongman/1420/,火影忍者
日本动漫排行榜,9,http://www.dongmanwang.com/dongman/12851/,噬血狂袭
日本动漫排行榜,10,http://www.dongmanwang.com/dongman/5885/,蜡笔小新
日本动漫排行榜,11,http://www.dongmanwang.com/dongman/12062/,魔法科高校的劣等生
日本动漫排行榜,12,http://www.dongmanwang.com/dongman/12827/,刀剑神域
日本动漫排行榜,13,http://www.dongmanwang.com/dongman/9631/,刀剑神域
日本动漫排行榜,14,http://www.dongmanwang.com/dongman/13269/,七大罪
日本动漫排行榜,15,http://www.dongmanwang.com/dongman/13139/,东京食尸鬼
国产动漫排行榜,1,http://www.dongmanwang.com/dongman/12762/,猪猪侠之变身战队
国产动漫排行榜,2,http://www.dongmanwang.com/dongman/13640/,猪猪侠之终结决战
国产动漫排行榜,3,http://www.dongmanwang.com/dongman/14601/,叶罗丽精灵梦
国产动漫排行榜,4,http://www.dongmanwang.com/dongman/15781/,新葫芦兄弟下篇
国产动漫排行榜,5,http://www.dongmanwang.com/dongman/13678/,猪猪侠之百变联盟
国产动漫排行榜,6,http://www.dongmanwang.com/dongman/8228/,熊出没之丛林总动员
国产动漫排行榜,7,http://www.dongmanwang.com/dongman/12830/,恐龙宝贝之失落的文明
国产动漫排行榜,8,http://www.dongmanwang.com/dongman/13790/,玉麒麟之仙灵奇域
国产动漫排行榜,9,http://www.dongmanwang.com/dongman/9756/,新大头儿子小头爸爸之马年
国产动漫排行榜,10,http://www.dongmanwang.com/dongman/12885,霹雳开天记之创神篇
国产动漫排行榜,11,http://www.dongmanwang.com/dongman/9495/,熊出没之冬日乐翻天
国产动漫排行榜,12,http://www.dongmanwang.com/dongman/12170/,魔晶猎人
国产动漫排行榜,13,http://www.dongmanwang.com/dongman/13037/,十万个冷笑话大电影
国产动漫排行榜,14,http://www.dongmanwang.com/dongman/13460/,巨神战击队之空间战击队
国产动漫排行榜,15,http://www.dongmanwang.com/dongman/13369/,巴啦啦小魔仙之梦幻旋律
欧美动漫排行榜,1,http://www.dongmanwang.com/dongman/12103/,冰雪奇缘
欧美动漫排行榜,2,http://www.dongmanwang.com/dongman/12536/,超能陆战队
欧美动漫排行榜,3,http://www.dongmanwang.com/dongman/4539/,钢铁侠1电影
欧美动漫排行榜,4,http://www.dongmanwang.com/dongman/8200/,小马宝莉
欧美动漫排行榜,5,http://www.dongmanwang.com/dongman/12167/,行尸走肉
欧美动漫排行榜,6,http://www.dongmanwang.com/dongman/14210/,小猪佩奇
欧美动漫排行榜,7,http://www.dongmanwang.com/dongman/14292/,小公主苏菲亚
欧美动漫排行榜,8,http://www.dongmanwang.com/dongman/8698/,驯龙高手1
欧美动漫排行榜,9,http://www.dongmanwang.com/dongman/14748/,独立日1电影
欧美动漫排行榜,10,http://www.dongmanwang.com/dongman/7116/,神盾局特工
欧美动漫排行榜,11,http://www.dongmanwang.com/dongman/12658/,小马宝莉
欧美动漫排行榜,12,http://www.dongmanwang.com/dongman/13386/,终极蜘蛛侠
欧美动漫排行榜,13,http://www.dongmanwang.com/dongman/8665/,星际旅行
欧美动漫排行榜,14,http://www.dongmanwang.com/dongman/14490/,小公主苏菲亚
欧美动漫排行榜,15,http://www.dongmanwang.com/dongman/12732/,海底小纵队
动漫排行榜,1,http://www.dongmanwang.com/dongman/12103/,冰雪奇缘
动漫排行榜,2,http://www.dongmanwang.com/dongman/12536/,超能陆战队
动漫排行榜,3,http://www.dongmanwang.com/dongman/5885/,蜡笔小新
动漫排行榜,4,http://www.dongmanwang.com/dongman/4204/,哆啦A梦
动漫排行榜,5,http://www.dongmanwang.com/dongman/6514/,名侦探柯南
动漫排行榜,6,http://www.dongmanwang.com/dongman/6964/,七龙珠
动漫排行榜,7,http://www.dongmanwang.com/dongman/13640/,猪猪侠之终结决战
动漫排行榜,8,http://www.dongmanwang.com/dongman/8114/,网球王子
动漫排行榜,9,http://www.dongmanwang.com/dongman/9810/,偶像活动
动漫排行榜,10,http://www.dongmanwang.com/dongman/13404/,火影忍者The Last
动漫排行榜,11,http://www.dongmanwang.com/dongman/8698/,驯龙高手1
动漫排行榜,12,http://www.dongmanwang.com/dongman/13506/,蜡笔小新2015我的搬
动漫排行榜,13,http://www.dongmanwang.com/dongman/5818/,鲁邦三世VS名侦探柯南 THE
动漫排行榜,14,http://www.dongmanwang.com/dongman/5070/,火影忍者
动漫排行榜,15,http://www.dongmanwang.com/dongman/12591/,麦兜我和我妈妈
OVA版动漫排行榜,1,http://www.dongmanwang.com/dongman/4955/,和爸爸kiss
OVA版动漫排行榜,2,http://www.dongmanwang.com/dongman/13104/,进击的巨人无悔的抉择
OVA版动漫排行榜,3,http://www.dongmanwang.com/dongman/9769/,蜡笔小新
OVA版动漫排行榜,4,http://www.dongmanwang.com/dongman/13056/,新网球王子OVA
OVA版动漫排行榜,5,http://www.dongmanwang.com/dongman/9756/,新大头儿子小头爸爸之马年
OVA版动漫排行榜,6,http://www.dongmanwang.com/dongman/12744/,黑执事OVA
OVA版动漫排行榜,7,http://www.dongmanwang.com/dongman/13087/,贱鸡行事
OVA版动漫排行榜,8,http://www.dongmanwang.com/dongman/8070/,无限斯特拉托斯OVA
OVA版动漫排行榜,9,http://www.dongmanwang.com/dongman/13436/,告白实行委员会
OVA版动漫排行榜,10,http://www.dongmanwang.com/dongman/4989/,海贼王OVA
OVA版动漫排行榜,11,http://www.dongmanwang.com/dongman/12413/,啦啦啦德玛西亚第5季
OVA版动漫排行榜,12,http://www.dongmanwang.com/dongman/12952/,3D2Y跨越艾斯之死
OVA版动漫排行榜,13,http://www.dongmanwang.com/dongman/13276/,如果她的旗帜被折断了OAD
OVA版动漫排行榜,14,http://www.dongmanwang.com/dongman/5604/,空
OVA版动漫排行榜,15,http://www.dongmanwang.com/dongman/9570/,菊花笑典之有神么
真人版动漫排行榜,1,http://www.dongmanwang.com/dongman/13459/,手里剑战队忍忍者
真人版动漫排行榜,2,http://www.dongmanwang.com/dongman/4539/,钢铁侠1电影
真人版动漫排行榜,3,http://www.dongmanwang.com/dongman/12167/,行尸走肉
真人版动漫排行榜,4,http://www.dongmanwang.com/dongman/13074/,兽电战队强龙者
真人版动漫排行榜,5,http://www.dongmanwang.com/dongman/12817/,萌学园6复活之战
真人版动漫排行榜,6,http://www.dongmanwang.com/dongman/9741/,超星神
真人版动漫排行榜,7,http://www.dongmanwang.com/dongman/12879/,假面骑士drive
真人版动漫排行榜,8,http://www.dongmanwang.com/dongman/7116/,神盾局特工
真人版动漫排行榜,9,http://www.dongmanwang.com/dongman/12791/,萌学园
真人版动漫排行榜,10,http://www.dongmanwang.com/dongman/13517/,超级英雄大战GP假面骑士3号
真人版动漫排行榜,11,http://www.dongmanwang.com/dongman/13460/,巨神战击队之空间战击队
真人版动漫排行榜,12,http://www.dongmanwang.com/dongman/13075/,假面骑士Fourze
真人版动漫排行榜,13,http://www.dongmanwang.com/dongman/9680/,只要你说你爱我真人版
真人版动漫排行榜,14,http://www.dongmanwang.com/dongman/3715/,超级战队VS系列
真人版动漫排行榜,15,http://www.dongmanwang.com/dongman/6169/,梦比优斯奥特曼
特典版动漫排行榜,1,http://www.dongmanwang.com/dongman/12856/,秦时明月少司命特别篇罗生
特典版动漫排行榜,2,http://www.dongmanwang.com/dongman/12092/,秦时明月之君临天下特别篇
特典版动漫排行榜,3,http://www.dongmanwang.com/dongman/13714/,秦时明月之帝子降兮
特典版动漫排行榜,4,http://www.dongmanwang.com/dongman/12613/,秦时明月空山鸟语
特典版动漫排行榜,5,http://www.dongmanwang.com/dongman/12156/,口袋妖怪XY特别篇
特典版动漫排行榜,6,http://www.dongmanwang.com/dongman/13064/,魔鬼恋人2
特典版动漫排行榜,7,http://www.dongmanwang.com/dongman/6195/,美食的俘虏 海贼王 龙珠Z 
特典版动漫排行榜,8,http://www.dongmanwang.com/dongman/13061/,爆笑东北话动画特辑
特典版动漫排行榜,9,http://www.dongmanwang.com/dongman/7987/,未来日记特典
特典版动漫排行榜,10,http://www.dongmanwang.com/dongman/4032/,刀剑神域特典
特典版动漫排行榜,11,http://www.dongmanwang.com/dongman/13065/,DIABOLIK LOVERS MORE BLO
特典版动漫排行榜,12,http://www.dongmanwang.com/dongman/12638/,神罗万象天地神明之章
特典版动漫排行榜,13,http://www.dongmanwang.com/dongman/9196/,灼眼的夏娜炭
特典版动漫排行榜,14,http://www.dongmanwang.com/dongman/4892/,黑子的篮球特典
特典版动漫排行榜,15,http://www.dongmanwang.com/dongman/4555/,公立海老栖川高校天闷部特
宣传片漫排行榜,1,http://www.dongmanwang.com/dongman/4365/,肥版国家地理三部曲
宣传片漫排行榜,2,http://www.dongmanwang.com/dongman/12270/,君临臣下番外
宣传片漫排行榜,3,http://www.dongmanwang.com/dongman/3948/,宠物小精灵BW 特别节目
宣传片漫排行榜,4,http://www.dongmanwang.com/dongman/8877/,妖精的尾巴片花
宣传片漫排行榜,5,http://www.dongmanwang.com/dongman/12698/,幻想神域
宣传片漫排行榜,6,http://www.dongmanwang.com/dongman/9503/,百万亚瑟王
宣传片漫排行榜,7,http://www.dongmanwang.com/dongman/9804/,CrossRoad
宣传片漫排行榜,8,http://www.dongmanwang.com/dongman/9666/,米各说
宣传片漫排行榜,9,http://www.dongmanwang.com/dongman/9614/,精灵爱牙讲堂
宣传片漫排行榜,10,http://www.dongmanwang.com/dongman/9589/,超亚空间防壁
宣传片漫排行榜,11,http://www.dongmanwang.com/dongman/9572/,Double Circle
宣传片漫排行榜,12,http://www.dongmanwang.com/dongman/9802/,宝石之国
宣传片漫排行榜,13,http://www.dongmanwang.com/dongman/5831/,恋旅True Tours Nanto
宣传片漫排行榜,14,http://www.dongmanwang.com/dongman/4108/,地藏
宣传片漫排行榜,15,http://www.dongmanwang.com/dongman/12287/,雾熊s
TV版动漫排行榜,1,http://www.dongmanwang.com/dongman/5122/,海贼王
TV版动漫排行榜,2,http://www.dongmanwang.com/dongman/5121/,火影忍者
TV版动漫排行榜,3,http://www.dongmanwang.com/dongman/12173/,新妹魔王的契约者
TV版动漫排行榜,4,http://www.dongmanwang.com/dongman/9100/,妖精的旋律
TV版动漫排行榜,5,http://www.dongmanwang.com/dongman/9479/,寄生兽
TV版动漫排行榜,6,http://www.dongmanwang.com/dongman/2234/,海贼王
TV版动漫排行榜,7,http://www.dongmanwang.com/dongman/1420/,火影忍者
TV版动漫排行榜,8,http://www.dongmanwang.com/dongman/12851/,噬血狂袭
TV版动漫排行榜,9,http://www.dongmanwang.com/dongman/12062/,魔法科高校的劣等生
TV版动漫排行榜,10,http://www.dongmanwang.com/dongman/12827/,刀剑神域
TV版动漫排行榜,11,http://www.dongmanwang.com/dongman/9631/,刀剑神域
TV版动漫排行榜,12,http://www.dongmanwang.com/dongman/13269/,七大罪
TV版动漫排行榜,13,http://www.dongmanwang.com/dongman/13139/,东京食尸鬼
TV版动漫排行榜,14,http://www.dongmanwang.com/dongman/2635/,名侦探柯南
TV版动漫排行榜,15,http://www.dongmanwang.com/dongman/3657/,苍蓝钢铁的琶音
热血动漫排行榜,1,http://www.dongmanwang.com/dongman/12536/,超能陆战队
热血动漫排行榜,2,http://www.dongmanwang.com/dongman/5122/,海贼王
热血动漫排行榜,3,http://www.dongmanwang.com/dongman/5121/,火影忍者
热血动漫排行榜,4,http://www.dongmanwang.com/dongman/2234/,海贼王
热血动漫排行榜,5,http://www.dongmanwang.com/dongman/1420/,火影忍者
热血动漫排行榜,6,http://www.dongmanwang.com/dongman/12827/,刀剑神域
热血动漫排行榜,7,http://www.dongmanwang.com/dongman/9631/,刀剑神域
热血动漫排行榜,8,http://www.dongmanwang.com/dongman/14359/,七龙珠第一部
热血动漫排行榜,9,http://www.dongmanwang.com/dongman/8555/,新全职猎人
热血动漫排行榜,10,http://www.dongmanwang.com/dongman/6985/,七龙珠Z
热血动漫排行榜,11,http://www.dongmanwang.com/dongman/14515/,火影忍者11慕留人
热血动漫排行榜,12,http://www.dongmanwang.com/dongman/9758/,黑子的篮球
热血动漫排行榜,13,http://www.dongmanwang.com/dongman/4539/,钢铁侠1电影
热血动漫排行榜,14,http://www.dongmanwang.com/dongman/2896/,死神
热血动漫排行榜,15,http://www.dongmanwang.com/dongman/6964/,七龙珠
机战动漫排行榜,1,http://www.dongmanwang.com/dongman/3657/,苍蓝钢铁的琶音
机战动漫排行榜,2,http://www.dongmanwang.com/dongman/14284/,高达:铁血的奥尔芬斯
机战动漫排行榜,3,http://www.dongmanwang.com/dongman/13460/,巨神战击队之空间战击队
机战动漫排行榜,4,http://www.dongmanwang.com/dongman/8665/,星际旅行
机战动漫排行榜,5,http://www.dongmanwang.com/dongman/4683/,高达seed
机战动漫排行榜,6,http://www.dongmanwang.com/dongman/12500/,高达创战者
机战动漫排行榜,7,http://www.dongmanwang.com/dongman/4510/,高达bf
机战动漫排行榜,8,http://www.dongmanwang.com/dongman/12583/,变形金刚领袖之证国
机战动漫排行榜,9,http://www.dongmanwang.com/dongman/4882/,海贼战队豪快者
机战动漫排行榜,10,http://www.dongmanwang.com/dongman/13488/,巨神战击队2
机战动漫排行榜,11,http://www.dongmanwang.com/dongman/14595/,高达The ORIGIN
机战动漫排行榜,12,http://www.dongmanwang.com/dongman/13441/,元气勇者
机战动漫排行榜,13,http://www.dongmanwang.com/dongman/12180/,高达G之复国运动
机战动漫排行榜,14,http://www.dongmanwang.com/dongman/14405/,斗龙战士第三部
机战动漫排行榜,15,http://www.dongmanwang.com/dongman/12852/,天使与龙的轮舞
日语动漫排行榜,1,http://www.dongmanwang.com/dongman/12173/,新妹魔王的契约者
日语动漫排行榜,2,http://www.dongmanwang.com/dongman/9100/,妖精的旋律
日语动漫排行榜,3,http://www.dongmanwang.com/dongman/9479/,寄生兽
日语动漫排行榜,4,http://www.dongmanwang.com/dongman/14091/,未必之恋
日语动漫排行榜,5,http://www.dongmanwang.com/dongman/2234/,海贼王
日语动漫排行榜,6,http://www.dongmanwang.com/dongman/1420/,火影忍者
日语动漫排行榜,7,http://www.dongmanwang.com/dongman/12062/,魔法科高校的劣等生
日语动漫排行榜,8,http://www.dongmanwang.com/dongman/9631/,刀剑神域
日语动漫排行榜,9,http://www.dongmanwang.com/dongman/13269/,七大罪
日语动漫排行榜,10,http://www.dongmanwang.com/dongman/13139/,东京食尸鬼
日语动漫排行榜,11,http://www.dongmanwang.com/dongman/13459/,手里剑战队忍忍者
日语动漫排行榜,12,http://www.dongmanwang.com/dongman/2635/,名侦探柯南
日语动漫排行榜,13,http://www.dongmanwang.com/dongman/14009/,那是不能吃的
日语动漫排行榜,14,http://www.dongmanwang.com/dongman/3657/,苍蓝钢铁的琶音
日语动漫排行榜,15,http://www.dongmanwang.com/dongman/3055/,美少女死神还我H之魂
动漫排行榜,1,http://www.dongmanwang.com/dongman/5122/,海贼王
动漫排行榜,2,http://www.dongmanwang.com/dongman/5121/,火影忍者
动漫排行榜,3,http://www.dongmanwang.com/dongman/12851/,噬血狂袭
动漫排行榜,4,http://www.dongmanwang.com/dongman/5885/,蜡笔小新
动漫排行榜,5,http://www.dongmanwang.com/dongman/12827/,刀剑神域
动漫排行榜,6,http://www.dongmanwang.com/dongman/14359/,七龙珠第一部
动漫排行榜,7,http://www.dongmanwang.com/dongman/6985/,七龙珠Z
动漫排行榜,8,http://www.dongmanwang.com/dongman/4204/,哆啦A梦
动漫排行榜,9,http://www.dongmanwang.com/dongman/9758/,黑子的篮球
动漫排行榜,10,http://www.dongmanwang.com/dongman/8200/,小马宝莉
动漫排行榜,11,http://www.dongmanwang.com/dongman/6514/,名侦探柯南
动漫排行榜,12,http://www.dongmanwang.com/dongman/7546/,死神
动漫排行榜,13,http://www.dongmanwang.com/dongman/12762/,猪猪侠之变身战队
动漫排行榜,14,http://www.dongmanwang.com/dongman/13640/,猪猪侠之终结决战
动漫排行榜,15,http://www.dongmanwang.com/dongman/14601/,叶罗丽精灵梦
动漫排行榜,1,http://www.dongmanwang.com/dongman/12828/,刀剑神域
动漫排行榜,2,http://www.dongmanwang.com/dongman/9741/,超星神
动漫排行榜,3,http://www.dongmanwang.com/dongman/8858/,樱桃小丸子
动漫排行榜,4,http://www.dongmanwang.com/dongman/12591/,麦兜我和我妈妈
动漫排行榜,5,http://www.dongmanwang.com/dongman/3745/,超级战队:百兽战队
动漫排行榜,6,http://www.dongmanwang.com/dongman/6810/,七龙珠改
动漫排行榜,7,http://www.dongmanwang.com/dongman/13511/,爱探险的朵拉
动漫排行榜,8,http://www.dongmanwang.com/dongman/8150/,我们这一家
动漫排行榜,9,http://www.dongmanwang.com/dongman/12598/,黑子的篮球
动漫排行榜,10,http://www.dongmanwang.com/dongman/5120/,火影忍者
动漫排行榜,11,http://www.dongmanwang.com/dongman/7548/,死神
动漫排行榜,12,http://www.dongmanwang.com/dongman/13781/,蒙面战士
动漫排行榜,13,http://www.dongmanwang.com/dongman/5079/,海贼王
动漫排行榜,14,http://www.dongmanwang.com/dongman/13336/,飙速宅男
动漫排行榜,15,http://www.dongmanwang.com/dongman/4205/,哆啦A梦
英语动漫排行榜,1,http://www.dongmanwang.com/dongman/12103/,冰雪奇缘
英语动漫排行榜,2,http://www.dongmanwang.com/dongman/12536/,超能陆战队
英语动漫排行榜,3,http://www.dongmanwang.com/dongman/4539/,钢铁侠1电影
英语动漫排行榜,4,http://www.dongmanwang.com/dongman/12167/,行尸走肉
英语动漫排行榜,5,http://www.dongmanwang.com/dongman/14292/,小公主苏菲亚
英语动漫排行榜,6,http://www.dongmanwang.com/dongman/8698/,驯龙高手1
英语动漫排行榜,7,http://www.dongmanwang.com/dongman/14748/,独立日1电影
英语动漫排行榜,8,http://www.dongmanwang.com/dongman/7116/,神盾局特工
英语动漫排行榜,9,http://www.dongmanwang.com/dongman/12658/,小马宝莉
英语动漫排行榜,10,http://www.dongmanwang.com/dongman/8665/,星际旅行
英语动漫排行榜,11,http://www.dongmanwang.com/dongman/14490/,小公主苏菲亚
英语动漫排行榜,12,http://www.dongmanwang.com/dongman/14397/,咱们裸熊
英语动漫排行榜,13,http://www.dongmanwang.com/dongman/14200/,憨豆先生动画版
英语动漫排行榜,14,http://www.dongmanwang.com/dongman/4446/,复仇者联盟1
英语动漫排行榜,15,http://www.dongmanwang.com/dongman/4621/,格列佛游记真人版
运动动漫排行榜,1,http://www.dongmanwang.com/dongman/9758/,黑子的篮球
运动动漫排行榜,2,http://www.dongmanwang.com/dongman/8114/,网球王子
运动动漫排行榜,3,http://www.dongmanwang.com/dongman/13056/,新网球王子OVA
运动动漫排行榜,4,http://www.dongmanwang.com/dongman/3530/,棒球大联盟
运动动漫排行榜,5,http://www.dongmanwang.com/dongman/13099/,火力少年王之传奇再现
运动动漫排行榜,6,http://www.dongmanwang.com/dongman/12598/,黑子的篮球
运动动漫排行榜,7,http://www.dongmanwang.com/dongman/13873/,钻石王牌
运动动漫排行榜,8,http://www.dongmanwang.com/dongman/12870/,飙速宅男
运动动漫排行榜,9,http://www.dongmanwang.com/dongman/13336/,飙速宅男
运动动漫排行榜,10,http://www.dongmanwang.com/dongman/13148/,排球少年
运动动漫排行榜,11,http://www.dongmanwang.com/dongman/12256/,黑子的篮球
运动动漫排行榜,12,http://www.dongmanwang.com/dongman/9746/,Free男子游泳部
运动动漫排行榜,13,http://www.dongmanwang.com/dongman/4911/,黑子的篮球
运动动漫排行榜,14,http://www.dongmanwang.com/dongman/4871/,黑子的篮球
运动动漫排行榜,15,http://www.dongmanwang.com/dongman/9122/,钻石王牌
推理动漫排行榜,1,http://www.dongmanwang.com/dongman/2635/,名侦探柯南
推理动漫排行榜,2,http://www.dongmanwang.com/dongman/6514/,名侦探柯南
推理动漫排行榜,3,http://www.dongmanwang.com/dongman/14741/,名侦探柯南20纯黑的
推理动漫排行榜,4,http://www.dongmanwang.com/dongman/3788/,城市猎人
推理动漫排行榜,5,http://www.dongmanwang.com/dongman/13444/,名侦探柯南19业火的
推理动漫排行榜,6,http://www.dongmanwang.com/dongman/6563/,名侦探柯南
推理动漫排行榜,7,http://www.dongmanwang.com/dongman/12696/,名侦探柯南特别篇
推理动漫排行榜,8,http://www.dongmanwang.com/dongman/9514/,名侦探柯南18
推理动漫排行榜,9,http://www.dongmanwang.com/dongman/12068/,金田一少年事件簿R
推理动漫排行榜,10,http://www.dongmanwang.com/dongman/2713/,格林童话
推理动漫排行榜,11,http://www.dongmanwang.com/dongman/13126/,侦探歌剧少女福尔摩斯第四
推理动漫排行榜,12,http://www.dongmanwang.com/dongman/2679/,柯南
推理动漫排行榜,13,http://www.dongmanwang.com/dongman/9510/,中国惊奇先生
推理动漫排行榜,14,http://www.dongmanwang.com/dongman/13118/,魔术快斗
推理动漫排行榜,15,http://www.dongmanwang.com/dongman/5267/,金田一少年事件簿
冒险动漫排行榜,1,http://www.dongmanwang.com/dongman/12103/,冰雪奇缘
冒险动漫排行榜,2,http://www.dongmanwang.com/dongman/12536/,超能陆战队
冒险动漫排行榜,3,http://www.dongmanwang.com/dongman/5122/,海贼王
冒险动漫排行榜,4,http://www.dongmanwang.com/dongman/9100/,妖精的旋律
冒险动漫排行榜,5,http://www.dongmanwang.com/dongman/2234/,海贼王
冒险动漫排行榜,6,http://www.dongmanwang.com/dongman/12827/,刀剑神域
冒险动漫排行榜,7,http://www.dongmanwang.com/dongman/9631/,刀剑神域
冒险动漫排行榜,8,http://www.dongmanwang.com/dongman/13269/,七大罪
冒险动漫排行榜,9,http://www.dongmanwang.com/dongman/13139/,东京食尸鬼
冒险动漫排行榜,10,http://www.dongmanwang.com/dongman/14359/,七龙珠第一部
冒险动漫排行榜,11,http://www.dongmanwang.com/dongman/13459/,手里剑战队忍忍者
冒险动漫排行榜,12,http://www.dongmanwang.com/dongman/8555/,新全职猎人
冒险动漫排行榜,13,http://www.dongmanwang.com/dongman/9712/,东京食尸鬼
冒险动漫排行榜,14,http://www.dongmanwang.com/dongman/6985/,七龙珠Z
冒险动漫排行榜,15,http://www.dongmanwang.com/dongman/4204/,哆啦A梦
耽美动漫排行榜,1,http://www.dongmanwang.com/dongman/4955/,和爸爸kiss
耽美动漫排行榜,2,http://www.dongmanwang.com/dongman/12744/,黑执事OVA
耽美动漫排行榜,3,http://www.dongmanwang.com/dongman/2906/,间之楔新OVA
耽美动漫排行榜,4,http://www.dongmanwang.com/dongman/9713/,黑执事
耽美动漫排行榜,5,http://www.dongmanwang.com/dongman/12470/,戏剧性谋杀
耽美动漫排行榜,6,http://www.dongmanwang.com/dongman/3599/,百日的蔷薇
耽美动漫排行榜,7,http://www.dongmanwang.com/dongman/5383/,间之楔
耽美动漫排行榜,8,http://www.dongmanwang.com/dongman/12566/,Hybrid Child
耽美动漫排行榜,9,http://www.dongmanwang.com/dongman/12226/,海上尘嚣
耽美动漫排行榜,10,http://www.dongmanwang.com/dongman/12314/,Dramatical Murder
耽美动漫排行榜,11,http://www.dongmanwang.com/dongman/14646/,NORN9/命运九重奏
耽美动漫排行榜,12,http://www.dongmanwang.com/dongman/2646/,公主恋人
耽美动漫排行榜,13,http://www.dongmanwang.com/dongman/6246/,没有钱
耽美动漫排行榜,14,http://www.dongmanwang.com/dongman/12567/,眷恋你的温柔
耽美动漫排行榜,15,http://www.dongmanwang.com/dongman/12459/,恋爱舞台OVA
搞笑动漫排行榜,1,http://www.dongmanwang.com/dongman/5122/,海贼王
搞笑动漫排行榜,2,http://www.dongmanwang.com/dongman/12173/,新妹魔王的契约者
搞笑动漫排行榜,3,http://www.dongmanwang.com/dongman/2234/,海贼王
搞笑动漫排行榜,4,http://www.dongmanwang.com/dongman/5885/,蜡笔小新
搞笑动漫排行榜,5,http://www.dongmanwang.com/dongman/4204/,哆啦A梦
搞笑动漫排行榜,6,http://www.dongmanwang.com/dongman/6964/,七龙珠
搞笑动漫排行榜,7,http://www.dongmanwang.com/dongman/7540/,守护甜心全集
搞笑动漫排行榜,8,http://www.dongmanwang.com/dongman/4129/,哆啦a梦新番
搞笑动漫排行榜,9,http://www.dongmanwang.com/dongman/8228/,熊出没之丛林总动员
搞笑动漫排行榜,10,http://www.dongmanwang.com/dongman/12830/,恐龙宝贝之失落的文明
搞笑动漫排行榜,11,http://www.dongmanwang.com/dongman/13506/,蜡笔小新2015我的搬
搞笑动漫排行榜,12,http://www.dongmanwang.com/dongman/7902/,天降之物
搞笑动漫排行榜,13,http://www.dongmanwang.com/dongman/12658/,小马宝莉
搞笑动漫排行榜,14,http://www.dongmanwang.com/dongman/9769/,蜡笔小新
搞笑动漫排行榜,15,http://www.dongmanwang.com/dongman/3528/,百变小樱
战争动漫排行榜,1,http://www.dongmanwang.com/dongman/12851/,噬血狂袭
战争动漫排行榜,2,http://www.dongmanwang.com/dongman/3657/,苍蓝钢铁的琶音
战争动漫排行榜,3,http://www.dongmanwang.com/dongman/4686/,钢之炼金术师
战争动漫排行榜,4,http://www.dongmanwang.com/dongman/4683/,高达seed
战争动漫排行榜,5,http://www.dongmanwang.com/dongman/3745/,超级战队:百兽战队
战争动漫排行榜,6,http://www.dongmanwang.com/dongman/12682/,舰队收藏
战争动漫排行榜,7,http://www.dongmanwang.com/dongman/6812/,起风了
战争动漫排行榜,8,http://www.dongmanwang.com/dongman/15237/,花木兰1 美国版电影
战争动漫排行榜,9,http://www.dongmanwang.com/dongman/9541/,舰队Collection
战争动漫排行榜,10,http://www.dongmanwang.com/dongman/13836/,GATE奇幻自卫队
战争动漫排行榜,11,http://www.dongmanwang.com/dongman/5079/,海贼王
战争动漫排行榜,12,http://www.dongmanwang.com/dongman/12413/,啦啦啦德玛西亚第5季
战争动漫排行榜,13,http://www.dongmanwang.com/dongman/3158/,银魂
战争动漫排行榜,14,http://www.dongmanwang.com/dongman/5585/,机动战士高达独角兽
战争动漫排行榜,15,http://www.dongmanwang.com/dongman/13860/,银魂
神魔动漫排行榜,1,http://www.dongmanwang.com/dongman/12103/,冰雪奇缘
神魔动漫排行榜,2,http://www.dongmanwang.com/dongman/12173/,新妹魔王的契约者
神魔动漫排行榜,3,http://www.dongmanwang.com/dongman/12851/,噬血狂袭
神魔动漫排行榜,4,http://www.dongmanwang.com/dongman/12062/,魔法科高校的劣等生
神魔动漫排行榜,5,http://www.dongmanwang.com/dongman/3055/,美少女死神还我H之魂
神魔动漫排行榜,6,http://www.dongmanwang.com/dongman/2896/,死神
神魔动漫排行榜,7,http://www.dongmanwang.com/dongman/6964/,七龙珠
神魔动漫排行榜,8,http://www.dongmanwang.com/dongman/7546/,死神
神魔动漫排行榜,9,http://www.dongmanwang.com/dongman/14601/,叶罗丽精灵梦
神魔动漫排行榜,10,http://www.dongmanwang.com/dongman/12817/,萌学园6复活之战
神魔动漫排行榜,11,http://www.dongmanwang.com/dongman/7902/,天降之物
神魔动漫排行榜,12,http://www.dongmanwang.com/dongman/12160/,妖精的尾巴
神魔动漫排行榜,13,http://www.dongmanwang.com/dongman/12951/,光之美少女smile
神魔动漫排行榜,14,http://www.dongmanwang.com/dongman/12744/,黑执事OVA
神魔动漫排行榜,15,http://www.dongmanwang.com/dongman/12885,霹雳开天记之创神篇
忍者动漫排行榜,1,http://www.dongmanwang.com/dongman/5121/,火影忍者
忍者动漫排行榜,2,http://www.dongmanwang.com/dongman/1420/,火影忍者
忍者动漫排行榜,3,http://www.dongmanwang.com/dongman/13459/,手里剑战队忍忍者
忍者动漫排行榜,4,http://www.dongmanwang.com/dongman/14515/,火影忍者11慕留人
忍者动漫排行榜,5,http://www.dongmanwang.com/dongman/13404/,火影忍者The Last
忍者动漫排行榜,6,http://www.dongmanwang.com/dongman/5070/,火影忍者
忍者动漫排行榜,7,http://www.dongmanwang.com/dongman/14075/,火影忍者9
忍者动漫排行榜,8,http://www.dongmanwang.com/dongman/5120/,火影忍者
忍者动漫排行榜,9,http://www.dongmanwang.com/dongman/12803/,火影忍者2014
忍者动漫排行榜,10,http://www.dongmanwang.com/dongman/13241/,忍者神龟2012
忍者动漫排行榜,11,http://www.dongmanwang.com/dongman/6057/,乐高幻影忍者
忍者动漫排行榜,12,http://www.dongmanwang.com/dongman/14508/,忍者神龟87版
忍者动漫排行榜,13,http://www.dongmanwang.com/dongman/4953/,火影忍者:忍者之路
忍者动漫排行榜,14,http://www.dongmanwang.com/dongman/5151/,火影忍者
忍者动漫排行榜,15,http://www.dongmanwang.com/dongman/7029/,忍者乱太郎
竞技动漫排行榜,1,http://www.dongmanwang.com/dongman/9758/,黑子的篮球
竞技动漫排行榜,2,http://www.dongmanwang.com/dongman/14261/,宠物小精灵XY特别篇
竞技动漫排行榜,3,http://www.dongmanwang.com/dongman/7669/,天才麻将少女全国篇
竞技动漫排行榜,4,http://www.dongmanwang.com/dongman/3655/,宠物小精灵XY
竞技动漫排行榜,5,http://www.dongmanwang.com/dongman/8114/,网球王子
竞技动漫排行榜,6,http://www.dongmanwang.com/dongman/13056/,新网球王子OVA
竞技动漫排行榜,7,http://www.dongmanwang.com/dongman/13259/,偶像活动
竞技动漫排行榜,8,http://www.dongmanwang.com/dongman/7615/,神奇宝贝第二部
竞技动漫排行榜,9,http://www.dongmanwang.com/dongman/3833/,神奇宝贝第三部
竞技动漫排行榜,10,http://www.dongmanwang.com/dongman/3530/,棒球大联盟
竞技动漫排行榜,11,http://www.dongmanwang.com/dongman/13099/,火力少年王之传奇再现
竞技动漫排行榜,12,http://www.dongmanwang.com/dongman/4827/,灌篮高手
竞技动漫排行榜,13,http://www.dongmanwang.com/dongman/5589/,口袋妖怪xy
竞技动漫排行榜,14,http://www.dongmanwang.com/dongman/12920/,美妙天堂
竞技动漫排行榜,15,http://www.dongmanwang.com/dongman/12598/,黑子的篮球
悬疑动漫排行榜,1,http://www.dongmanwang.com/dongman/9479/,寄生兽
悬疑动漫排行榜,2,http://www.dongmanwang.com/dongman/13139/,东京食尸鬼
悬疑动漫排行榜,3,http://www.dongmanwang.com/dongman/2635/,名侦探柯南
悬疑动漫排行榜,4,http://www.dongmanwang.com/dongman/9712/,东京食尸鬼
悬疑动漫排行榜,5,http://www.dongmanwang.com/dongman/6514/,名侦探柯南
悬疑动漫排行榜,6,http://www.dongmanwang.com/dongman/12737/,东京残响
悬疑动漫排行榜,7,http://www.dongmanwang.com/dongman/12167/,行尸走肉
悬疑动漫排行榜,8,http://www.dongmanwang.com/dongman/5818/,鲁邦三世VS名侦探柯南 THE
悬疑动漫排行榜,9,http://www.dongmanwang.com/dongman/3788/,城市猎人
悬疑动漫排行榜,10,http://www.dongmanwang.com/dongman/12721/,东京喰种
悬疑动漫排行榜,11,http://www.dongmanwang.com/dongman/13444/,名侦探柯南19业火的
悬疑动漫排行榜,12,http://www.dongmanwang.com/dongman/6563/,名侦探柯南
悬疑动漫排行榜,13,http://www.dongmanwang.com/dongman/12696/,名侦探柯南特别篇
悬疑动漫排行榜,14,http://www.dongmanwang.com/dongman/9514/,名侦探柯南18
悬疑动漫排行榜,15,http://www.dongmanwang.com/dongman/12617/,寄生兽真人版
社会动漫排行榜,1,http://www.dongmanwang.com/dongman/9479/,寄生兽
社会动漫排行榜,2,http://www.dongmanwang.com/dongman/14741/,名侦探柯南20纯黑的
社会动漫排行榜,3,http://www.dongmanwang.com/dongman/3788/,城市猎人
社会动漫排行榜,4,http://www.dongmanwang.com/dongman/4752/,宫崎骏动画全集
社会动漫排行榜,5,http://www.dongmanwang.com/dongman/12729/,GANGSTA匪徒
社会动漫排行榜,6,http://www.dongmanwang.com/dongman/12617/,寄生兽真人版
社会动漫排行榜,7,http://www.dongmanwang.com/dongman/13041/,今天不上班真人版
社会动漫排行榜,8,http://www.dongmanwang.com/dongman/5604/,空
社会动漫排行榜,9,http://www.dongmanwang.com/dongman/2713/,格林童话
社会动漫排行榜,10,http://www.dongmanwang.com/dongman/14597/,千与千寻
社会动漫排行榜,11,http://www.dongmanwang.com/dongman/4875/,辉夜姬的物语
社会动漫排行榜,12,http://www.dongmanwang.com/dongman/5061/,华丽的挑战
社会动漫排行榜,13,http://www.dongmanwang.com/dongman/8034/,我的妹妹小桃子
社会动漫排行榜,14,http://www.dongmanwang.com/dongman/9725/,打工吧魔王大人
社会动漫排行榜,15,http://www.dongmanwang.com/dongman/14225/,托马斯大电影勇者历险记
萝莉动漫排行榜,1,http://www.dongmanwang.com/dongman/6675/,偶像宣言
萝莉动漫排行榜,2,http://www.dongmanwang.com/dongman/8858/,樱桃小丸子
萝莉动漫排行榜,3,http://www.dongmanwang.com/dongman/8529/,星梦天使
萝莉动漫排行榜,4,http://www.dongmanwang.com/dongman/3073/,星梦天使
萝莉动漫排行榜,5,http://www.dongmanwang.com/dongman/8943/,樱桃小丸子
萝莉动漫排行榜,6,http://www.dongmanwang.com/dongman/2893/,樱桃小丸子
萝莉动漫排行榜,7,http://www.dongmanwang.com/dongman/8942/,樱桃小丸子第二部
萝莉动漫排行榜,8,http://www.dongmanwang.com/dongman/8785/,要听爸爸的话OVA
萝莉动漫排行榜,9,http://www.dongmanwang.com/dongman/4803/,管家后宫学园
萝莉动漫排行榜,10,http://www.dongmanwang.com/dongman/7062/,人鱼的旋律第一部
萝莉动漫排行榜,11,http://www.dongmanwang.com/dongman/6379/,魔法小公主
萝莉动漫排行榜,12,http://www.dongmanwang.com/dongman/2646/,公主恋人
萝莉动漫排行榜,13,http://www.dongmanwang.com/dongman/1589/,你是主人我是仆
萝莉动漫排行榜,14,http://www.dongmanwang.com/dongman/8540/,小魔女DoReMi第二部
萝莉动漫排行榜,15,http://www.dongmanwang.com/dongman/8234/,小魔女DOREMI第一部
爱情动漫排行榜,1,http://www.dongmanwang.com/dongman/12103/,冰雪奇缘
爱情动漫排行榜,2,http://www.dongmanwang.com/dongman/9100/,妖精的旋律
爱情动漫排行榜,3,http://www.dongmanwang.com/dongman/8762/,约会大作战
爱情动漫排行榜,4,http://www.dongmanwang.com/dongman/7540/,守护甜心全集
爱情动漫排行榜,5,http://www.dongmanwang.com/dongman/6675/,偶像宣言
爱情动漫排行榜,6,http://www.dongmanwang.com/dongman/7902/,天降之物
爱情动漫排行榜,7,http://www.dongmanwang.com/dongman/13489/,我老婆是学生会长
爱情动漫排行榜,8,http://www.dongmanwang.com/dongman/9680/,只要你说你爱我真人版
爱情动漫排行榜,9,http://www.dongmanwang.com/dongman/14223/,歌之王子殿下
爱情动漫排行榜,10,http://www.dongmanwang.com/dongman/2994/,守护甜心
爱情动漫排行榜,11,http://www.dongmanwang.com/dongman/9778/,七人魔法使
爱情动漫排行榜,12,http://www.dongmanwang.com/dongman/8995/,幽浮宝贝
爱情动漫排行榜,13,http://www.dongmanwang.com/dongman/8070/,无限斯特拉托斯OVA
爱情动漫排行榜,14,http://www.dongmanwang.com/dongman/9109/,最近我的妹妹有点怪
爱情动漫排行榜,15,http://www.dongmanwang.com/dongman/13436/,告白实行委员会
宠物动漫排行榜,1,http://www.dongmanwang.com/dongman/4204/,哆啦A梦
宠物动漫排行榜,2,http://www.dongmanwang.com/dongman/14261/,宠物小精灵XY特别篇
宠物动漫排行榜,3,http://www.dongmanwang.com/dongman/8200/,小马宝莉
宠物动漫排行榜,4,http://www.dongmanwang.com/dongman/12762/,猪猪侠之变身战队
宠物动漫排行榜,5,http://www.dongmanwang.com/dongman/13640/,猪猪侠之终结决战
宠物动漫排行榜,6,http://www.dongmanwang.com/dongman/3655/,宠物小精灵XY
宠物动漫排行榜,7,http://www.dongmanwang.com/dongman/13678/,猪猪侠之百变联盟
宠物动漫排行榜,8,http://www.dongmanwang.com/dongman/8228/,熊出没之丛林总动员
宠物动漫排行榜,9,http://www.dongmanwang.com/dongman/13790/,玉麒麟之仙灵奇域
宠物动漫排行榜,10,http://www.dongmanwang.com/dongman/12658/,小马宝莉
宠物动漫排行榜,11,http://www.dongmanwang.com/dongman/12951/,光之美少女smile
宠物动漫排行榜,12,http://www.dongmanwang.com/dongman/9495/,熊出没之冬日乐翻天
宠物动漫排行榜,13,http://www.dongmanwang.com/dongman/12170/,魔晶猎人
宠物动漫排行榜,14,http://www.dongmanwang.com/dongman/7615/,神奇宝贝第二部
宠物动漫排行榜,15,http://www.dongmanwang.com/dongman/7450/,神奇宝贝
校园动漫排行榜,1,http://www.dongmanwang.com/dongman/12062/,魔法科高校的劣等生
校园动漫排行榜,2,http://www.dongmanwang.com/dongman/8762/,约会大作战
校园动漫排行榜,3,http://www.dongmanwang.com/dongman/7540/,守护甜心全集
校园动漫排行榜,4,http://www.dongmanwang.com/dongman/7669/,天才麻将少女全国篇
校园动漫排行榜,5,http://www.dongmanwang.com/dongman/7902/,天降之物
校园动漫排行榜,6,http://www.dongmanwang.com/dongman/12791/,萌学园
校园动漫排行榜,7,http://www.dongmanwang.com/dongman/13489/,我老婆是学生会长
校园动漫排行榜,8,http://www.dongmanwang.com/dongman/3254/,暗杀教室
校园动漫排行榜,9,http://www.dongmanwang.com/dongman/13259/,偶像活动
校园动漫排行榜,10,http://www.dongmanwang.com/dongman/9680/,只要你说你爱我真人版
校园动漫排行榜,11,http://www.dongmanwang.com/dongman/14223/,歌之王子殿下
校园动漫排行榜,12,http://www.dongmanwang.com/dongman/2994/,守护甜心
校园动漫排行榜,13,http://www.dongmanwang.com/dongman/9778/,七人魔法使
校园动漫排行榜,14,http://www.dongmanwang.com/dongman/4827/,灌篮高手
校园动漫排行榜,15,http://www.dongmanwang.com/dongman/6138/,魔鬼恋人
后宫动漫排行榜,1,http://www.dongmanwang.com/dongman/12173/,新妹魔王的契约者
后宫动漫排行榜,2,http://www.dongmanwang.com/dongman/12851/,噬血狂袭
后宫动漫排行榜,3,http://www.dongmanwang.com/dongman/8762/,约会大作战
后宫动漫排行榜,4,http://www.dongmanwang.com/dongman/7902/,天降之物
后宫动漫排行榜,5,http://www.dongmanwang.com/dongman/6138/,魔鬼恋人
后宫动漫排行榜,6,http://www.dongmanwang.com/dongman/8070/,无限斯特拉托斯OVA
后宫动漫排行榜,7,http://www.dongmanwang.com/dongman/14263/,魔物娘的相伴日常
后宫动漫排行榜,8,http://www.dongmanwang.com/dongman/13063/,魔鬼恋人
后宫动漫排行榜,9,http://www.dongmanwang.com/dongman/6658/,女生万岁
后宫动漫排行榜,10,http://www.dongmanwang.com/dongman/14777/,学战都市六芒星
后宫动漫排行榜,11,http://www.dongmanwang.com/dongman/8531/,旋风管家
后宫动漫排行榜,12,http://www.dongmanwang.com/dongman/9382/,最后大魔王
后宫动漫排行榜,13,http://www.dongmanwang.com/dongman/13276/,如果她的旗帜被折断了OAD
后宫动漫排行榜,14,http://www.dongmanwang.com/dongman/14093/,为美好的世界献上祝福
后宫动漫排行榜,15,http://www.dongmanwang.com/dongman/14652/,最弱无败神装机龙
科幻动漫排行榜,1,http://www.dongmanwang.com/dongman/12536/,超能陆战队
科幻动漫排行榜,2,http://www.dongmanwang.com/dongman/9100/,妖精的旋律
科幻动漫排行榜,3,http://www.dongmanwang.com/dongman/12062/,魔法科高校的劣等生
科幻动漫排行榜,4,http://www.dongmanwang.com/dongman/12827/,刀剑神域
科幻动漫排行榜,5,http://www.dongmanwang.com/dongman/9631/,刀剑神域
科幻动漫排行榜,6,http://www.dongmanwang.com/dongman/13269/,七大罪
科幻动漫排行榜,7,http://www.dongmanwang.com/dongman/14359/,七龙珠第一部
科幻动漫排行榜,8,http://www.dongmanwang.com/dongman/13459/,手里剑战队忍忍者
科幻动漫排行榜,9,http://www.dongmanwang.com/dongman/3657/,苍蓝钢铁的琶音
科幻动漫排行榜,10,http://www.dongmanwang.com/dongman/6985/,七龙珠Z
科幻动漫排行榜,11,http://www.dongmanwang.com/dongman/4204/,哆啦A梦
科幻动漫排行榜,12,http://www.dongmanwang.com/dongman/4539/,钢铁侠1电影
科幻动漫排行榜,13,http://www.dongmanwang.com/dongman/6964/,七龙珠
科幻动漫排行榜,14,http://www.dongmanwang.com/dongman/7546/,死神
科幻动漫排行榜,15,http://www.dongmanwang.com/dongman/12828/,刀剑神域
少女动漫排行榜,1,http://www.dongmanwang.com/dongman/3055/,美少女死神还我H之魂
少女动漫排行榜,2,http://www.dongmanwang.com/dongman/14601/,叶罗丽精灵梦
少女动漫排行榜,3,http://www.dongmanwang.com/dongman/7540/,守护甜心全集
少女动漫排行榜,4,http://www.dongmanwang.com/dongman/7669/,天才麻将少女全国篇
少女动漫排行榜,5,http://www.dongmanwang.com/dongman/14292/,小公主苏菲亚
少女动漫排行榜,6,http://www.dongmanwang.com/dongman/9810/,偶像活动
少女动漫排行榜,7,http://www.dongmanwang.com/dongman/6675/,偶像宣言
少女动漫排行榜,8,http://www.dongmanwang.com/dongman/12951/,光之美少女smile
少女动漫排行榜,9,http://www.dongmanwang.com/dongman/3528/,百变小樱
少女动漫排行榜,10,http://www.dongmanwang.com/dongman/8858/,樱桃小丸子
少女动漫排行榜,11,http://www.dongmanwang.com/dongman/13259/,偶像活动
少女动漫排行榜,12,http://www.dongmanwang.com/dongman/13369/,巴啦啦小魔仙之梦幻旋律
少女动漫排行榜,13,http://www.dongmanwang.com/dongman/2994/,守护甜心
少女动漫排行榜,14,http://www.dongmanwang.com/dongman/12750/,精灵梦叶罗丽
少女动漫排行榜,15,http://www.dongmanwang.com/dongman/8580/,星光少女
儿童动漫排行榜,1,http://www.dongmanwang.com/dongman/12103/,冰雪奇缘
儿童动漫排行榜,2,http://www.dongmanwang.com/dongman/5885/,蜡笔小新
儿童动漫排行榜,3,http://www.dongmanwang.com/dongman/8200/,小马宝莉
儿童动漫排行榜,4,http://www.dongmanwang.com/dongman/12762/,猪猪侠之变身战队
儿童动漫排行榜,5,http://www.dongmanwang.com/dongman/15781/,新葫芦兄弟  下篇
儿童动漫排行榜,6,http://www.dongmanwang.com/dongman/14210/,小猪佩奇
儿童动漫排行榜,7,http://www.dongmanwang.com/dongman/13678/,猪猪侠之百变联盟
儿童动漫排行榜,8,http://www.dongmanwang.com/dongman/8228/,熊出没之丛林总动员
儿童动漫排行榜,9,http://www.dongmanwang.com/dongman/12830/,恐龙宝贝之失落的文明
儿童动漫排行榜,10,http://www.dongmanwang.com/dongman/9769/,蜡笔小新
儿童动漫排行榜,11,http://www.dongmanwang.com/dongman/9756/,新大头儿子小头爸爸之马年
儿童动漫排行榜,12,http://www.dongmanwang.com/dongman/9495/,熊出没之冬日乐翻天
儿童动漫排行榜,13,http://www.dongmanwang.com/dongman/12591/,麦兜我和我妈妈
儿童动漫排行榜,14,http://www.dongmanwang.com/dongman/9751/,喜羊羊与灰太狼之羊羊小心
儿童动漫排行榜,15,http://www.dongmanwang.com/dongman/14490/,小公主苏菲亚
剧情动漫排行榜,1,http://www.dongmanwang.com/dongman/14091/,未必之恋
剧情动漫排行榜,2,http://www.dongmanwang.com/dongman/14009/,那是不能吃的
剧情动漫排行榜,3,http://www.dongmanwang.com/dongman/15781/,新葫芦兄弟  下篇
剧情动漫排行榜,4,http://www.dongmanwang.com/dongman/12591/,麦兜我和我妈妈
剧情动漫排行榜,5,http://www.dongmanwang.com/dongman/14008/,我的身体被女神附体
剧情动漫排行榜,6,http://www.dongmanwang.com/dongman/13382/,日本动画人展览会作品
剧情动漫排行榜,7,http://www.dongmanwang.com/dongman/3498/,百变狸猫
剧情动漫排行榜,8,http://www.dongmanwang.com/dongman/8150/,我们这一家
剧情动漫排行榜,9,http://www.dongmanwang.com/dongman/2876/,蜡笔小新
剧情动漫排行榜,10,http://www.dongmanwang.com/dongman/6515/,美食从天降
剧情动漫排行榜,11,http://www.dongmanwang.com/dongman/5979/,蜡笔小新重制计划
剧情动漫排行榜,12,http://www.dongmanwang.com/dongman/13041/,今天不上班真人版
剧情动漫排行榜,13,http://www.dongmanwang.com/dongman/14311/,阿松
剧情动漫排行榜,14,http://www.dongmanwang.com/dongman/8479/,侠岚
剧情动漫排行榜,15,http://www.dongmanwang.com/dongman/8786/,悠哉日常大王
动作动漫排行榜,1,http://www.dongmanwang.com/dongman/5121/,火影忍者
动作动漫排行榜,2,http://www.dongmanwang.com/dongman/1420/,火影忍者
动作动漫排行榜,3,http://www.dongmanwang.com/dongman/13459/,手里剑战队忍忍者
动作动漫排行榜,4,http://www.dongmanwang.com/dongman/6985/,七龙珠Z
动作动漫排行榜,5,http://www.dongmanwang.com/dongman/2896/,死神
动作动漫排行榜,6,http://www.dongmanwang.com/dongman/6964/,七龙珠
动作动漫排行榜,7,http://www.dongmanwang.com/dongman/12167/,行尸走肉
动作动漫排行榜,8,http://www.dongmanwang.com/dongman/13074/,兽电战队强龙者
动作动漫排行榜,9,http://www.dongmanwang.com/dongman/9741/,超星神
动作动漫排行榜,10,http://www.dongmanwang.com/dongman/12415/,进击的巨人
动作动漫排行榜,11,http://www.dongmanwang.com/dongman/13404/,火影忍者The Last
动作动漫排行榜,12,http://www.dongmanwang.com/dongman/12879/,假面骑士drive
动作动漫排行榜,13,http://www.dongmanwang.com/dongman/14748/,独立日1电影
动作动漫排行榜,14,http://www.dongmanwang.com/dongman/7116/,神盾局特工
动作动漫排行榜,15,http://www.dongmanwang.com/dongman/5070/,火影忍者
励志动漫排行榜,1,http://www.dongmanwang.com/dongman/2234/,海贼王
励志动漫排行榜,2,http://www.dongmanwang.com/dongman/5885/,蜡笔小新
励志动漫排行榜,3,http://www.dongmanwang.com/dongman/14292/,小公主苏菲亚
励志动漫排行榜,4,http://www.dongmanwang.com/dongman/9810/,偶像活动
励志动漫排行榜,5,http://www.dongmanwang.com/dongman/12591/,麦兜我和我妈妈
励志动漫排行榜,6,http://www.dongmanwang.com/dongman/13259/,偶像活动
励志动漫排行榜,7,http://www.dongmanwang.com/dongman/8580/,星光少女
励志动漫排行榜,8,http://www.dongmanwang.com/dongman/4752/,宫崎骏动画全集
励志动漫排行榜,9,http://www.dongmanwang.com/dongman/12920/,美妙天堂
励志动漫排行榜,10,http://www.dongmanwang.com/dongman/8214/,小公主苏菲亚
励志动漫排行榜,11,http://www.dongmanwang.com/dongman/15357/,星学院
励志动漫排行榜,12,http://www.dongmanwang.com/dongman/13324/,食戟之灵
励志动漫排行榜,13,http://www.dongmanwang.com/dongman/5020/,海贼王
励志动漫排行榜,14,http://www.dongmanwang.com/dongman/12147/,美妙旋律
励志动漫排行榜,15,http://www.dongmanwang.com/dongman/13934/,美妙天堂
少年动漫排行榜,1,http://www.dongmanwang.com/dongman/13269/,七大罪
少年动漫排行榜,2,http://www.dongmanwang.com/dongman/12737/,东京残响
少年动漫排行榜,3,http://www.dongmanwang.com/dongman/12330/,七原罪
少年动漫排行榜,4,http://www.dongmanwang.com/dongman/12170/,魔晶猎人
少年动漫排行榜,5,http://www.dongmanwang.com/dongman/5624/,K
少年动漫排行榜,6,http://www.dongmanwang.com/dongman/7184/,数码宝贝第六部
少年动漫排行榜,7,http://www.dongmanwang.com/dongman/13781/,蒙面战士
少年动漫排行榜,8,http://www.dongmanwang.com/dongman/7324/,数码宝贝第一部
少年动漫排行榜,9,http://www.dongmanwang.com/dongman/7243/,数码宝贝第三部暴走
少年动漫排行榜,10,http://www.dongmanwang.com/dongman/13148/,排球少年
少年动漫排行榜,11,http://www.dongmanwang.com/dongman/7240/,数码宝贝第二部超恶
少年动漫排行榜,12,http://www.dongmanwang.com/dongman/8752/,妖怪手表
少年动漫排行榜,13,http://www.dongmanwang.com/dongman/7238/,数码宝贝我们的战争
少年动漫排行榜,14,http://www.dongmanwang.com/dongman/13040/,魔笛MAGI
少年动漫排行榜,15,http://www.dongmanwang.com/dongman/12120/,魔幻陀螺
侦探动漫排行榜,1,http://www.dongmanwang.com/dongman/6514/,名侦探柯南
侦探动漫排行榜,2,http://www.dongmanwang.com/dongman/13444/,名侦探柯南19业火的
侦探动漫排行榜,3,http://www.dongmanwang.com/dongman/12068/,金田一少年事件簿R
侦探动漫排行榜,4,http://www.dongmanwang.com/dongman/13126/,侦探歌剧少女福尔摩斯第四
侦探动漫排行榜,5,http://www.dongmanwang.com/dongman/2679/,柯南
侦探动漫排行榜,6,http://www.dongmanwang.com/dongman/5267/,金田一少年事件簿
侦探动漫排行榜,7,http://www.dongmanwang.com/dongman/13509/,绯弹的亚里亚AA
侦探动漫排行榜,8,http://www.dongmanwang.com/dongman/13236/,名侦探柯南19
侦探动漫排行榜,9,http://www.dongmanwang.com/dongman/6415/,名侦探柯南16第11个
侦探动漫排行榜,10,http://www.dongmanwang.com/dongman/6250/,名侦探柯南
侦探动漫排行榜,11,http://www.dongmanwang.com/dongman/2628/,金田一少年事件簿
侦探动漫排行榜,12,http://www.dongmanwang.com/dongman/3874/,城市猎人韩剧版
侦探动漫排行榜,13,http://www.dongmanwang.com/dongman/7517/,神探威威猫
侦探动漫排行榜,14,http://www.dongmanwang.com/dongman/7477/,少年狄仁杰
侦探动漫排行榜,15,http://www.dongmanwang.com/dongman/6165/,魔侦探洛基
教育动漫排行榜,1,http://www.dongmanwang.com/dongman/9756/,新大头儿子小头爸爸之马年
教育动漫排行榜,2,http://www.dongmanwang.com/dongman/12732/,海底小纵队
教育动漫排行榜,3,http://www.dongmanwang.com/dongman/12546/,新大头儿子小头爸爸
教育动漫排行榜,4,http://www.dongmanwang.com/dongman/9457/,新大头儿子和小头爸爸
教育动漫排行榜,5,http://www.dongmanwang.com/dongman/12998/,阿福寻规记
教育动漫排行榜,6,http://www.dongmanwang.com/dongman/12705/,爸爸去哪儿
教育动漫排行榜,7,http://www.dongmanwang.com/dongman/13016/,新大头儿子和小头爸爸大电
教育动漫排行榜,8,http://www.dongmanwang.com/dongman/9442/,巧虎
教育动漫排行榜,9,http://www.dongmanwang.com/dongman/13314/,科学小子席德
教育动漫排行榜,10,http://www.dongmanwang.com/dongman/6800/,亲宝儿歌
教育动漫排行榜,11,http://www.dongmanwang.com/dongman/12704/,爸爸去哪儿
教育动漫排行榜,12,http://www.dongmanwang.com/dongman/7617/,兔小贝儿歌
教育动漫排行榜,13,http://www.dongmanwang.com/dongman/12592/,麻辣父子
教育动漫排行榜,14,http://www.dongmanwang.com/dongman/13419/,虹猫蓝兔快乐识字
教育动漫排行榜,15,http://www.dongmanwang.com/dongman/12072/,中华五千年小太极
幼儿动漫排行榜,1,http://www.dongmanwang.com/dongman/12732/,海底小纵队
幼儿动漫排行榜,2,http://www.dongmanwang.com/dongman/12705/,爸爸去哪儿
幼儿动漫排行榜,3,http://www.dongmanwang.com/dongman/9442/,巧虎
幼儿动漫排行榜,4,http://www.dongmanwang.com/dongman/6800/,亲宝儿歌
幼儿动漫排行榜,5,http://www.dongmanwang.com/dongman/7617/,兔小贝儿歌
幼儿动漫排行榜,6,http://www.dongmanwang.com/dongman/13043/,小巴林
幼儿动漫排行榜,7,http://www.dongmanwang.com/dongman/13129/,LADYCC公主茜茜校园篇
幼儿动漫排行榜,8,http://www.dongmanwang.com/dongman/6802/,巧虎来啦
幼儿动漫排行榜,9,http://www.dongmanwang.com/dongman/12560/,咕力咕力
幼儿动漫排行榜,10,http://www.dongmanwang.com/dongman/9576/,兔小贝故事
幼儿动漫排行榜,11,http://www.dongmanwang.com/dongman/13057/,木木部落
幼儿动漫排行榜,12,http://www.dongmanwang.com/dongman/13687/,布鲁精灵
幼儿动漫排行榜,13,http://www.dongmanwang.com/dongman/13865/,海底小纵队
幼儿动漫排行榜,14,http://www.dongmanwang.com/dongman/13130/,LADYCC公主茜茜礼仪篇
幼儿动漫排行榜,15,http://www.dongmanwang.com/dongman/13128/,LADYCC公主茜茜
